20000000	1	gte_ldv0
20000004	1	gte_ldv1
20000008	1	gte_ldv2
2000000c	1	gte_ldv3
20000010	1	gte_ldv3c
20000014	1	gte_ldv3c_vertc
20000018	1	gte_ldv01
2000001c	1	gte_ldv01c
20000020	1	gte_ldrgb
20000024	1	gte_ldrgb3
20000028	1	gte_ldrgb3c
2000002c	1	gte_ldlv0
20000030	1	gte_ldlvl
20000034	1	gte_ldsv
20000038	1	gte_ldbv
2000003c	1	gte_ldcv
20000040	1	gte_ldclmv
20000044	1	gte_lddp
20000048	1	gte_ldsxy0
2000004c	1	gte_ldsxy1
20000050	1	gte_ldsxy2
20000054	1	gte_ldsxy3
20000058	1	gte_ldsxy3c
2000005c	1	gte_ldsz3
20000060	1	gte_ldsz4
20000064	1	gte_ldopv1
20000068	1	gte_ldopv2
2000006c	1	gte_ldopv1SV
20000070	1	gte_ldopv2SV
20000074	1	gte_ldlzc
20000078	1	gte_SetRGBcd
2000007c	1	gte_ldbkdir
20000080	1	gte_SetBackColor
20000084	1	gte_ldfcdir
20000088	1	gte_SetFarColor
2000008c	1	gte_SetGeomOffset
20000090	1	gte_SetGeomScreen
20000094	1	gte_ldsvrtrow0
20000098	1	gte_SetRotMatrix
2000009c	1	gte_ldsvllrow0
200000a0	1	gte_SetLightMatrix
200000a4	1	gte_ldsvlcrow0
200000a8	1	gte_SetColorMatrix
200000ac	1	gte_SetTransMatrix
200000b0	1	gte_ldtr
200000b4	1	gte_SetTransVector
200000b8	1	gte_ld_intpol_uv0
200000bc	1	gte_ld_intpol_uv1
200000c0	1	gte_ld_intpol_bv0
200000c4	1	gte_ld_intpol_bv1
200000c8	1	gte_ld_intpol_sv0
200000cc	1	gte_ldfc
200000d0	1	gte_stsxy
200000d4	1	gte_stsxy3
200000d8	1	gte_stsxy3c
200000dc	1	gte_stsxy2
200000e0	1	gte_stsxy1
200000e4	1	gte_stsxy0
200000e8	1	gte_stsxy01
200000ec	1	gte_stsxy01c
200000f0	1	gte_stsxy3_f3
200000f4	1	gte_stsxy3_g3
200000f8	1	gte_stsxy3_ft3
200000fc	1	gte_stsxy3_gt3
20000100	1	gte_stsxy3_f4
20000104	1	gte_stsxy3_g4
20000108	1	gte_stsxy3_ft4
2000010c	1	gte_stsxy3_gt4
20000110	1	gte_stdp
20000114	1	gte_stflg
20000118	1	gte_stflg_4
2000011c	1	gte_stsz
20000120	1	gte_stsz3
20000124	1	gte_stsz4
20000128	1	gte_stsz3c
2000012c	1	gte_stsz4c
20000130	1	gte_stszotz
20000134	1	gte_stotz
20000138	1	gte_stopz
2000013c	1	gte_stlvl
20000140	1	gte_stlvnl
20000144	1	gte_stlvnl0
20000148	1	gte_stlvnl1
2000014c	1	gte_stlvnl2
20000150	1	gte_stsv
20000154	1	gte_stclmv
20000158	1	gte_stbv
2000015c	1	gte_stcv
20000160	1	gte_strgb
20000164	1	gte_strgb3
20000168	1	gte_strgb3_g3
2000016c	1	gte_strgb3_gt3
20000170	1	gte_strgb3_g4
20000174	1	gte_strgb3_gt4
20000178	1	gte_ReadGeomOffset
2000017c	1	gte_ReadGeomScreen
20000180	1	gte_ReadRotMatrix
20000184	1	gte_sttr
20000188	1	gte_ReadLightMatrix
2000018c	1	gte_ReadColorMatrix
20000190	1	gte_stlzc
20000194	1	gte_stfc
20000198	1	gte_subdvl
2000019c	1	gte_subdvd
200001a0	1	gte_adddvl
200001a4	1	gte_adddvd
200001a8	1	gte_RotTransPers
200001ac	1	gte_RotTransPers3
200001b0	1	gte_RotTrans
200001b4	1	gte_LocalLight
200001b8	1	gte_LightColor
200001bc	1	gte_DpqColorLight
200001c0	1	gte_DpqColor
200001c4	1	gte_DpqColor3
200001c8	1	gte_Intpl
200001cc	1	gte_Square12
200001d0	1	gte_Square0
200001d4	1	gte_NormalColor
200001d8	1	gte_NormalColor3
200001dc	1	gte_NormalColorDpq
200001e0	1	gte_NormalColorDpq3
200001e4	1	gte_NormalColorCol
200001e8	1	gte_NormalColorCol3
200001ec	1	gte_ColorDpq
200001f0	1	gte_ColorCol
200001f4	1	gte_NormalClip
200001f8	1	gte_AverageZ3
200001fc	1	gte_AverageZ4
20000200	1	gte_OuterProduct12
20000204	1	gte_OuterProduct0
20000208	1	gte_OuterProduct12SVL
2000020c	1	gte_OuterProduct0SVL
20000210	1	gte_OuterProduct12SV
20000214	1	gte_OuterProduct0SV
20000218	1	gte_Lzc
2000021c	1	gte_RotAverage3
20000220	1	gte_RotNclip3
20000224	1	gte_RotAverageNclip3
20000228	1	gte_RotColorDpq
2000022c	1	gte_RotColorDpq3
20000230	1	gte_RotAverageNclipColorDpq3
20000234	1	gte_RotAverageNclipColorCol3
20000238	1	gte_LoadAverage12
2000023c	1	gte_LoadAverage0
20000240	1	gte_LoadAverageShort12
20000244	1	gte_LoadAverageShort0
20000248	1	gte_LoadAverageByte
2000024c	1	gte_LoadAverageCol
20000250	1	gte_MulMatrix0
20000254	1	gte_ApplyMatrix
20000258	1	gte_ApplyMatrixSV
2000025c	1	gte_CompMatrix
20000260	1	gte_ApplyRotMatrix
80016134	368	InitPersistentState
800162a4	572	main
800164e0	140	DoBriefingAndInventorySelection
8001656c	456	valloc
80016738	516	vrealloc
8001693c	780	vmemoryGC
80016c48	84	vinit
80016c9c	76	vgetmaxsize
80016ce8	68	vgetfreesize
80016d2c	80	vcalloc
80016d7c	260	vfree
80016e80	12	vsize
80016e8c	8	SystemOut
80016e94	412	InitGraphicsSystem
80017030	536	EndDrawing
80017248	332	DrawModel
80017394	760	LoadModelArchive
8001768c	488	DrawModelArchive
80017874	420	CreateCloneModelArchive
80017a18	464	SetupSprite
80017be8	444	DrawSprite
80017da4	1072	SetupBG
800181d4	116	StartDrawing
80018248	48	UpdateCoordinate
80018278	48	FUN_80018278
800182a8	120	GetAbsolutePosition
80018320	296	DrawClip
80018448	176	LoadModel
800184f8	36	DisposeModel
8001851c	160	FUN_8001851c
800185bc	136	DisposeModelArchive
80018644	144	LoadOrnament
800186d4	68	DrawOrnament
80018718	36	DisposeOrnament
8001873c	128	CreateCloneOrnament
800187bc	92	UpdateOrnament
80018818	68	DrawBG
8001885c	80	DisposeBG
800188ac	44	LoadTIMAndFree
800188d8	44	LoadTIMpackAndFree
80018904	176	LoadTIM
800189b4	276	LoadTIMpack
80018ac8	32	GetTIMInfo
80018ae8	124	GetTIMpackInfo
80018b64	284	PlaySE
80018c80	104	InitSoundEffect
80018ce8	184	SetupSE
80018da0	76	DisposeSE
80018dec	276	cbAccess
80018f00	272	FUN_80018f00
80019010	228	FileRead
800190f4	324	FUN_800190f4
80019238	348	InitFileSystem
80019394	56	PathFileRead
800193cc	124	FileWrite
80019448	172	LoadExecEx
800194f4	56	InitAccessInfo
8001952c	256	LoadFromDEVPC
8001962c	36	LoadFromMEMORY
80019650	280	LoadFromCDROM
80019768	60	PrepareAccess
800197a4	200	LoadAreaMap
8001986c	420	ComputeAreaLevel
80019a10	1168	GetAreaMapLevel
80019ea0	548	GetAreaMapVector
8001a0c4	580	GetAreaMapPassage
8001a308	316	InitConflict
8001a444	312	InsertConflict
8001a57c	268	DeleteConflict
8001a688	816	ComputeAllConflict
8001a9b8	368	GetConflictResult
8001ab28	60	DisposeAreaMap
8001ab64	60	FUN_8001ab64
8001aba0	36	FUN_8001aba0
8001abc4	480	ComPad
8001ada4	368	PadProc
8001af14	292	GetCommand
8001b038	268	SetCommand
8001b144	48	GetPad
8001b174	48	FUN_8001b174
8001b1a4	188	FUN_8001b1a4
8001b260	88	GetRealPad
8001b2b8	60	FUN_8001b2b8
8001b2f4	112	FUN_8001b2f4
8001b364	160	InitPadControl
8001b404	96	PadShock
8001b464	28	PadShockAR
8001b480	60	GetPadXY
8001b4bc	36	FUN_8001b4bc
8001b4e0	52	FUN_8001b4e0
8001b514	328	SearchMotion
8001b65c	632	UpdateMotion
8001b8d4	336	HoldMotion
8001ba24	984	SweepMotion
8001bdfc	452	ActiveMotion
8001bfc0	432	UpdateSplineControl
8001c170	336	GetSpline
8001c2c0	240	LoadMotion
8001c3b0	140	SetupMotionRegist
8001c43c	156	SetupMotionManager
8001c4d8	56	DisposeMotionManager
8001c510	116	GetMotionID
8001c584	188	PlayMotion
8001c640	240	SetupSpline
8001c730	220	FUN_8001c730
8001c80c	292	HumanActionControl
8001c930	864	SwimCheck
8001cc90	544	FallCheck
8001ceb0	1220	HangCheck
8001d374	256	StickonCheck
8001d474	584	JumpControl
8001d6bc	5812	DamageControl
8001ed70	1040	AttackControl
8001f180	420	AttackContinuousCheck
8001f324	644	WeaponHitWeapon
8001f5a8	272	AttackBowControl
8001f6b8	300	FUN_8001f6b8
8001f7e4	948	ActNORMAL
8001fb98	1392	FUN_8001fb98
80020108	860	ActMOVE
80020464	1500	ActSWIM
80020a40	2096	ActKAGI
80021270	1388	ActENGAGE
800217dc	1416	ActCHASE
80021d64	6648	ActATTACK
8002375c	2680	ActSTATE
800241d4	1396	ActJUMP
80024748	700	ActHANG
80024a04	1820	ActSQUAT
80025120	3248	ActSTICKON
80025dd0	676	ActSYURI
80026074	572	FUN_80026074
800262b0	1548	ActDAMAGE
800268bc	1680	FUN_800268bc
80026f4c	8	FUN_80026f4c
80026f54	176	SetNowMotion
80027004	196	NowReturnNormal
800270c8	48	FUN_800270c8
800270f8	280	FUN_800270f8
80027210	144	MotionAndMove
800272a0	100	ReturnNormal
80027304	104	FUN_80027304
8002736c	380	AttackCancelControl
800274e8	108	FUN_800274e8
80027554	308	FUN_80027554
80027688	168	FUN_80027688
80027730	232	FUN_80027730
80027818	196	FUN_80027818
800278dc	8	ActCEILHANG
800278e4	508	CreateHumanoid
80027ae0	1576	ControlHumanoid
80028108	2624	DefaultActionHumanoid
80028b48	1128	SearchTarget
80028fb0	504	ControlTraceLine
800291a8	252	KillHumanoid
800292a4	196	ControlAllHumanoid
80029368	260	FUN_80029368
8002946c	112	GetHumanoid
800294dc	80	FUN_800294dc
8002952c	308	MoveHumanoid
80029660	204	GetMoveSpeed
8002972c	104	GetDirection
80029794	208	GetTargetDistance
80029864	364	GetNearestHumanoid
800299d0	212	SetupTraceLine
80029aa4	1024	SetupAppearance
80029ea4	372	SetupCharacterParameter
8002a018	628	BreedLife
8002a290	500	GetWeaponData
8002a484	1128	SetupWeapon
8002a8ec	140	GetAttackDBID
8002a978	104	DisposeWeapon
8002a9e0	240	EquipWeapon
8002aad0	3776	StateTransition
8002b990	480	FUN_8002b990
8002bb70	328	ChasetoTarget
8002bcb8	820	FUN_8002bcb8
8002bfec	216	Think1trace
8002c0c4	372	Think1random
8002c238	356	Think1ninja
8002c39c	376	Think1chase
8002c514	856	Think1target
8002c86c	1392	FUN_8002c86c
8002cddc	408	Think3callaid
8002cf74	316	Think3chase
8002d0b0	1136	Think3attack
8002d520	280	Think3escape
8002d638	844	FUN_8002d638
8002d984	388	Think3hitaway
8002db08	260	Think3firstattack
8002dc0c	268	ItemUse
8002dd18	1668	AttackShort
8002e39c	1444	AttackGeneral
8002e940	1248	AttackLong
8002ee20	848	AttackIndirect
8002f170	228	AttackAnimal
8002f254	468	Think4abandon
8002f428	384	Think4contact
8002f5a8	404	Think4chase
8002f73c	184	SetupThinkFunction
8002f7f4	36	FUN_8002f7f4
8002f818	8	ThinkBasicNone
8002f820	164	ThinkBasicHuman1
8002f8c4	36	ThinkBasicHuman2
8002f8e8	176	Think1watch
8002f998	140	Think1sleep
8002fa24	48	Think2confirm
8002fa54	104	FUN_8002fa54
8002fabc	268	SuccessionAttack
8002fbc8	468	SnapCameraTargetVector
8002fd9c	792	FUN_8002fd9c
800300b4	732	MakeDifSub
80030390	692	AntiWall
80030644	296	FUN_80030644
8003076c	628	FUN_8003076c
800309e0	660	MakeCameraPosition
80030c74	2628	CameraType1
800316b8	832	SetCameraMode
800319f8	632	Camera
80031c70	860	CameraDirection
80031fcc	188	FUN_80031fcc
80032088	252	MakeDif
80032184	904	InitEffect
8003250c	260	FUN_8003250c
80032610	272	FUN_80032610
80032720	560	FUN_80032720
80032950	2160	DrawBlood
800331c0	772	SetBlood
800334c4	504	DrawSmoke
800336bc	788	SetSmoke
800339d0	496	FUN_800339d0
80033bc0	848	FUN_80033bc0
80033f10	772	FUN_80033f10
80034214	360	SetImpact
8003437c	532	DrawBleed
80034590	1108	SetBleeds
800349e4	984	DrawSplash
80034dbc	728	FUN_80034dbc
80035094	556	DrawFrame
800352c0	876	SetBleedsDir
8003562c	2328	FUN_8003562c
80035f44	832	FUN_80035f44
80036284	728	FUN_80036284
8003655c	468	DrawExplosion
80036730	384	SetExplosion
800368b0	308	DrawHinoko
800369e4	724	SetHinoko
80036cb8	580	DrawFlyWire
80036efc	984	SetFlyWire
800372d4	1488	SetWire
800378a4	1384	SetLightningI
80037e0c	896	FUN_80037e0c
8003818c	520	FUN_8003818c
80038394	1120	DrawShadow
800387f4	632	DrawAfterimage
80038a6c	416	FadeOutDirect
80038c0c	212	FUN_80038c0c
80038ce0	48	FUN_80038ce0
80038d10	48	FUN_80038d10
80038d40	64	AddXG4
80038d80	52	FUN_80038d80
80038db4	48	FUN_80038db4
80038de4	64	AddXF4
80038e24	52	SetPolyXF4
80038e58	68	DisposeAfterimage
80038e9c	252	SetupAfterimage
80038f98	68	SetLightning
80038fdc	192	FUN_80038fdc
8003909c	196	SetFrame
80039160	308	FUN_80039160
80039294	196	SetSplash
80039358	244	SetBleed
8003944c	248	FUN_8003944c
80039544	204	FUN_80039544
80039610	116	FUN_80039610
80039684	60	FUN_80039684
800396c0	156	FUN_800396c0
8003975c	172	GetVectorRotation
80039808	316	GetVectorDistance
80039944	288	GetVectorLength
80039a64	172	RotateVectorS
80039b10	172	RotateVector
80039bbc	88	DrawEffect
80039c14	64	FUN_80039c14
80039c54	392	CGetLevel
80039ddc	468	FUN_80039ddc
80039fb0	408	FUN_80039fb0
8003a148	352	FUN_8003a148
8003a2a8	248	FUN_8003a2a8
8003a3a0	996	CreateStage
8003a784	568	LoadOrnamentArchive
8003a9bc	420	GetCenterAndSize
8003ab60	2724	LoadConstruction
8003b604	520	IsVisible
8003b80c	1608	ActivateHumans
8003be54	1564	DrawConstruction
8003c470	420	leFindEnemy
8003c614	840	leLayoutEnemy
8003c95c	240	leAddPath
8003ca4c	44	leResetPath
8003ca78	44	leRestoreEnemyLayout
8003caa4	72	lePackEnemyLayout
8003caec	88	leRemoveEnemy
8003cb44	56	DestroyTraceLine
8003cb7c	140	leSetEnemy
8003cc08	68	leClearLayout
8003cc4c	44	leResetEnemyLayout
8003cc78	140	FUN_8003cc78
8003cd04	88	FUN_8003cd04
8003cd5c	136	DisposeOrnamentArchive
8003cde4	728	SearchItemTarget2
8003d0bc	184	PackItemLayout
8003d174	624	RestoreItemLayout
8003d3e4	324	InitializeItem
8003d528	576	FUN_8003d528
8003d768	672	FUN_8003d768
8003da08	1484	MoveKorogari
8003dfd4	488	MoveFly
8003e1bc	664	SetupFly
8003e454	1112	ProcItemDrop
8003e8ac	472	ReqItemDrop
8003ea84	1056	ProcSightShot
8003eea4	744	ProcKaginawa
8003f18c	376	ProcItemTeleport
8003f304	620	ProcItemMakibishi
8003f570	444	ReqItemMakibishi
8003f72c	372	ReqItemManebue
8003f8a0	1344	ProcItemShinsoku
8003fde0	392	ReqItemShinsoku
8003ff68	1004	ProcItemSmoke
80040354	428	ReqItemSmoke
80040500	1432	ProcItemKusuri
80040a98	372	ReqItemKusuri
80040c0c	784	ProcItemKawarimi
80040f1c	372	ReqItemKawarimi
80041090	2468	ProcItemDokudango
80041a34	448	ReqItemDokudango
80041bf4	952	ProcItemGosin
80041fac	372	ReqItemGosin
80042120	2256	ProcItemNingyo
800429f0	556	ReqItemNingyo
80042c1c	1452	ProcItemHenshin
800431c8	372	ReqItemHenshin
8004333c	560	ProcItemGoshikimai
8004356c	420	ReqItemGoshikimai
80043710	1276	ProcItemKaengeki
80043c0c	456	ReqItemKaengeki
80043dd4	2300	ProcItemNinken
800446d0	444	ReqItemNinken
8004488c	652	ProcItemHappou
80044b18	712	ReqItemHappou
80044de0	2332	ProcItemFire
800456fc	428	ReqItemFire
800458a8	1688	ProcItemNemuri
80045f40	400	ReqItemNemuri
800460d0	648	ProcItemLightningBolt
80046358	464	ReqItemLightningBolt
80046528	812	ProcItemGun
80046854	364	FUN_80046854
800469c0	1672	ProcItemNapalm
80047048	1012	ProcItemLaunch
8004743c	440	UpdateItemState
800475f4	324	ReqItemDefault
80047738	480	ReqItemLaunch
80047918	636	ArrangeLocalMatrix
80047b94	1328	ProcItemArrow
800480c4	488	ReqItemArrow
800482ac	1708	ProcItemJirai
80048958	420	ReqItemJirai
80048afc	5272	ReqItemUse
80049f94	408	FUN_80049f94
8004a12c	172	DoItemProc
8004a1d8	276	ProcItemManebue
8004a2ec	124	ReqItemStay
8004a368	128	FUN_8004a368
8004a3e8	68	GetItemType
8004a42c	212	FUN_8004a42c
8004a500	152	ClearItemLayout
8004a598	52	FUN_8004a598
8004a5cc	240	ReqLifeBar
8004a6bc	212	FUN_8004a6bc
8004a790	352	InitializeInfoView
8004a8f0	584	PutStrain
8004ab38	540	PutLifeBar
8004ad54	144	PutLifeBarS
8004ade4	504	PutItemList
8004afdc	432	DebugMenuItemSet
8004b18c	456	DrawPause
8004b354	364	CheckCheatCodes
8004b4c0	904	PauseProc
8004b848	532	PutMap
8004ba5c	1352	DoInfoViewProc
8004bfa4	128	ResetInfoview
8004c024	32	FUN_8004c024
8004c044	80	DemoPatchInit
8004c094	80	PutItemCursor
8004c0e4	84	PutItemIcon
8004c138	176	PutNumber
8004c1e8	360	InitMisc
8004c350	588	FUN_8004c350
8004c59c	412	FUN_8004c59c
8004c738	1076	ProcMiscDoor
8004cb6c	868	ProcMiscPitfall
8004ced0	620	ProcMiscSnowfall
8004d13c	532	AddMisc
8004d350	452	DoMiscProc
8004d514	92	ResetAllMisc
8004d570	356	ProcMiscFire
8004d6d4	416	FUN_8004d6d4
8004d874	252	ProcMiscSprite
8004d970	1512	StartStageSequence
8004df58	1740	StageSequence
8004e624	368	UpdateEvent
8004e794	352	FUN_8004e794
8004e8f4	112	SetupStageSequence
8004e964	116	FUN_8004e964
8004e9d8	280	InitSprite
8004eaf0	288	FUN_8004eaf0
8004ec10	324	SetupImageToPolyGT4
8004ed54	400	_PlayMusic
8004eee4	756	PlayVoice
8004f1d8	164	FUN_8004f1d8
8004f27c	256	GetImage
8004f37c	208	GetArcData
8004f44c	172	InitializeImage
8004f4f8	160	FUN_8004f4f8
8004f598	68	FUN_8004f598
8004f5dc	176	PlayMusicFromID
8004f68c	52	FUN_8004f68c
8004f6c0	176	FUN_8004f6c0
8004f770	68	FUN_8004f770
8004f7b4	488	cbCheckCD
8004f99c	356	CdaPlayXA
8004fb00	128	CdaStop
8004fb80	100	CdaGetCurrentLength
8004fbe4	16	CdaReady
8004fbf4	20	FUN_8004fbf4
8004fc08	104	FUN_8004fc08
8004fc70	512	SoundEx
8004fe70	160	SetupSoundEffect
8004ff10	136	Sound
8004ff98	536	CVAsetup
800501b0	260	FUN_800501b0
800502b4	884	CVAsequence
80050628	2104	CVAupdate
80050e60	532	CVArun
80051074	436	AVCameraSetup
80051228	500	AVCameraControl
8005141c	180	DrawTelop
800514d0	8	FUN_800514d0
800514d8	216	FUN_800514d8
800515b0	1036	FUN_800515b0
800519bc	1448	FUN_800519bc
80051f64	288	FUN_80051f64
80052084	3620	BriefingAndInventorySelectionScreen
80052ea8	1244	FUN_80052ea8
80053384	6084	StageEndScreen
80054b48	4636	FUN_80054b48
80055d64	2188	FUN_80055d64
800565f0	76	FUN_800565f0
8005663c	132	ResetInventory
800566c0	60	FUN_800566c0
800566fc	160	FUN_800566fc
8005679c	284	FUN_8005679c
800568b8	88	FUN_800568b8
80056910	300	FUN_80056910
80056a3c	956	SaveCard
80056df8	56	ChkCard
80056e30	148	FUN_80056e30
80056ec4	84	DeleteCard
80056f18	56	FormatCard
80056f50	276	LoadCard
800570b8	352	FUN_800570b8
80057218	1076	SetupTelop
8005764c	76	FUN_8005764c
80057698	80	FUN_80057698
800576e8	164	FUN_800576e8
8005778c	388	FUN_8005778c
80057910	624	jt_init4
80057b80	3796	FUN_80057b80
80058a54	540	FUN_80058a54
80058c70	920	FUN_80058c70
80059008	920	FUN_80059008
800593a0	300	FUN_800593a0
8005961c	1260	FUN_8005961c
80059b08	1260	FUN_80059b08
80059ff4	984	FUN_80059ff4
8005a3cc	984	FUN_8005a3cc
8005a7a4	1024	FUN_8005a7a4
8005aba4	536	FUN_8005aba4
8005adbc	960	FUN_8005adbc
8005b17c	1036	FUN_8005b17c
8005b588	1152	AddEnemy
8005ba08	272	SelectCameraOwnerOption
8005bb18	644	LayoutEnemyOption
8005bd9c	1320	SaveSI
8005c2c4	320	LoadSI
8005c404	420	FUN_8005c404
8005c5a8	1108	FileOption
8005c9fc	448	FUN_8005c9fc
8005cbbc	692	FUN_8005cbbc
8005ce70	416	PlayerOption
8005d01c	16	SetDepthQ
8005d02c	168	DrawTMD
8005d0d4	296	FUN_8005d0d4
8005d1fc	344	FUN_8005d1fc
8005d354	328	FUN_8005d354
8005d49c	392	FUN_8005d49c
8005d624	320	FUN_8005d624
8005d764	368	FUN_8005d764
8005d8d4	364	FUN_8005d8d4
8005da40	428	FUN_8005da40
8005dbec	324	FUN_8005dbec
8005dd30	372	FUN_8005dd30
8005dea4	376	FUN_8005dea4
8005e01c	440	FUN_8005e01c
8005e1d4	348	FUN_8005e1d4
8005e330	396	FUN_8005e330
8005e4bc	412	FUN_8005e4bc
8005e658	476	FUN_8005e658
8005e834	188	FUN_8005e834
8005e8f0	88	FUN_8005e8f0
8005e948	8	FUN_8005e948
8005e950	564	AfsGetEntry
8005eb84	560	AfsFindFile
8005edb4	204	AfsOpenVolume
8005ee80	100	AfsInit
8005eee4	80	AfsFilenameFix
8005ef34	156	AfsOpen
8005efd0	56	AfsClose
8005f008	64	AfsFileSize
8005f048	196	AfsRead
8005f10c	180	subAfsFindFile
8005f1c0	184	AfsGetHeader
8005f278	264	cd_open
8005f380	472	FUN_8005f380
8005f558	56	cd_close
8005f590	164	cd_read
8005f634	164	cd_seek
8005f6d8	56	cd_getsize
8005f710	40	cd_init
8005f738	96	cd_control
8005f798	56	cd_tell
8005f7d0	36	FUN_8005f7d0
8005f7f4	356	AdtGetDisp
8005f958	624	AdtMessageBox
8005fbc8	20	AdtQuiet
8005fbdc	136	AdtFntOpen
8005fc64	64	AdtFntLoad
8005fca4	144	AdtReleaseDisp
8005fd34	8	AdtDmyPadRead
8005fd3c	248	AdtVsprintf
8005fe34	84	FUN_8005fe34
8005fe88	68	FUN_8005fe88
8005fecc	776	AdtSelect
800601d4	12	Exec
800601e4	12	Krom2RawAdd
800601f4	32	PCopen
80060214	16	PCclose
80060224	36	PClseek
80060248	32	PCcreat
80060268	168	__SN_ENTRY_POINT
80060310	112	__main
80060380	104	__do_global_dtors
800603e8	12	InitHeap
800603f8	12	PCinit
80060404	192	PCread
800604c4	24	_SN_read
800604dc	192	PCwrite
8006059c	24	_SN_write
800605b4	128	CdInit
80060634	16	EVENT_OBJ_80
80060644	44	EVENT_OBJ_90
80060670	16	EVENT_OBJ_BC
80060680	40	EVENT_OBJ_CC
800606a8	40	EVENT_OBJ_F4
800606d0	40	EVENT_OBJ_11C
80060704	12	DeliverEvent
80060714	16	CdStatus
80060724	16	CdMode
80060734	16	CdLastCom
80060744	12	CdLastPos
80060750	108	CdReset
800607bc	32	CdFlush
800607dc	20	CdSetDebug
800607f0	52	CdComstr
80060824	52	CdIntstr
80060858	32	CdSync
80060878	32	CdReady
80060898	20	CdSyncCallback
800608ac	20	CdReadyCallback
800608c0	316	CdControl
800609fc	308	CdControlF
80060b30	332	CdControlB
80060c7c	32	CdMix
80060c9c	32	CdGetSector
80060cbc	32	CdGetSector2
80060cdc	36	CdDataCallback
80060d00	32	CdDataSync
80060d20	260	CdIntToPos
80060e24	128	CdPosToInt
80060ea4	1372	FUN_80060ea4
80061400	640	CD_sync
80061680	712	FUN_80061680
80061948	1036	CD_cw
80061d54	136	CD_vol
80061ddc	212	CD_flush
80061eb0	240	CD_initvol
80061fa0	76	CD_initintr
80061fec	480	CD_init
800621cc	360	CD_datasync
80062334	256	CD_getsector
80062434	236	CD_getsector2
80062520	12	CD_set_test_parmnum
8006252c	216	FUN_8006252c
80062604	264	CdSearchFile
8006270c	412	ISO9660_OBJ_108
800628a8	12	ISO9660_OBJ_2A4
800628b4	40	ISO9660_OBJ_2B0
800628dc	32	ISO9660_OBJ_2D8
800628fc	668	ISO9660_OBJ_2F8
80062b98	40	ISO9660_OBJ_594
80062bc0	132	ISO9660_OBJ_5BC
80062c44	32	ISO9660_OBJ_640
80062c64	372	ISO9660_OBJ_660
80062dd8	28	ISO9660_OBJ_7D4
80062df4	228	ISO9660_OBJ_7F0
80062ed8	40	ISO9660_OBJ_8D4
80062f00	104	ISO9660_OBJ_8FC
80062f74	52	CDR_1_OBJ_0
80062fa8	160	CDR_1_OBJ_34
80063048	196	CDR_1_OBJ_D4
80063110	268	CDR_1_OBJ_19C
8006321c	208	CDR_1_OBJ_2A8
800632ec	464	CDR_1_OBJ_378
800634bc	24	CDR_1_OBJ_548
800634d4	212	CdReadBreak
800635a8	184	CDR_1_OBJ_634
80063660	20	CDR_1_OBJ_6EC
80063674	124	CdRead
800636f0	72	CDR_1_OBJ_77C
80063758	12	CDR_1_OBJ_7E4
80063764	172	CDR_1_OBJ_7F0
80063810	152	CdReadSync
800638a8	108	CDR_1_OBJ_934
80063914	20	FUN_80063914
80063928	20	FUN_80063928
80063944	376	CdReadFile
80063abc	216	CdReadExec
80063b94	796	FUN_80063b94
80063eb0	416	GsInitFixBg16
80064050	28	2D_BG22_OBJ_1A0
80064074	216	GsSortLine
80064154	152	_make_packet
800641f4	452	GsSortPoly
800643c4	576	GsSortSprite
80064604	328	2D_SP0_OBJ_240
8006474c	64	2D_SP0_OBJ_388
8006478c	248	2D_SP0_OBJ_3C8
80064884	56	2D_SP0_OBJ_4C0
800648c4	116	GsInitGraph
80064938	284	GS_001_OBJ_74
80064a54	104	GsInitGraph2
80064abc	544	GS_001_OBJ_1F8
80064cdc	264	GsSortClear
80064de4	48	GS_001_OBJ_520
80064e14	16	GsGetActiveBuff
80064e24	244	GsSetDrawBuffOffset
80064f18	20	GS_0022_OBJ_F4
80064f34	120	GsSetDrawBuffClip
80064fb4	164	GsSwapDispBuff
80065064	112	GsInitCoordinate2
800650d4	44	GsInitCoord2param
80065100	44	GsSetLsMatrix
8006512c	148	GsSetLightMatrix
800651c0	48	GsSetLightMatrix2
800651f0	144	GsMulCoord0
80065280	128	GsMulCoord2
80065300	128	GsMulCoord3
80065380	112	print_matrix
800653f0	48	print_vector
80065424	12	GsSetNearClip
80065434	120	GsDefDispBuff
800654ac	32	GS_103_OBJ_78
800654d4	116	GsInit3D
80065554	112	GsMapModelingData
800655c4	32	GsSetProjection
800655e4	1092	GsSetFlatLight
80065a28	116	GS_107_OBJ_444
80065a9c	100	GS_107_OBJ_4B8
80065b00	76	GS_107_OBJ_51C
80065b54	96	GsSetLightMode
80065bb4	12	GS_108_OBJ_60
80065bc0	16	GS_108_OBJ_6C
80065bd4	76	GsSetFogParam
80065c24	40	GsSetAmbient
80065c54	36	GsDrawOt
80065c84	88	GsClearOt
80065ce4	76	FUN_80065ce4
80065d34	220	GsGetTimInfo
80065e10	8	GS_122_OBJ_DC
80065e24	124	Gssub_make_matrix
80065ea0	24	GS_123_OBJ_7C
80065eb8	24	GS_123_OBJ_94
80065ed0	20	GS_123_OBJ_AC
80065ee4	8	GS_123_OBJ_C0
80065ef4	12	GsSetWorkBase
80065f04	16	GsGetWorkBase
80065f14	976	GsSetRefView2
800662e4	212	GS_131_OBJ_3D0
800663b8	24	GS_131_OBJ_4A4
800663d0	200	GS_131_OBJ_4BC
80066498	28	GS_131_OBJ_584
800664b4	180	gte_rotate_z_matrix
80066574	48	GsGetLw
800665a4	492	GS_133_OBJ_30
80066790	156	GS_133_OBJ_21C
80066834	48	GsGetLs
80066864	492	GS_134_OBJ_30
80066a50	172	GS_134_OBJ_21C
80066b04	72	dmyGsPrstF3NL
80066b4c	72	dmyGsPrstF3LFG
80066b94	72	dmyGsPrstF3L
80066bdc	72	dmyGsPrstNF3
80066c24	72	dmyGsTMDdivF3NL
80066c6c	72	dmyGsTMDdivF3LFG
80066cb4	72	dmyGsTMDdivF3L
80066cfc	72	dmyGsTMDdivNF3
80066d44	72	dmyGsPrstG3NL
80066d8c	72	dmyGsPrstG3LFG
80066dd4	72	dmyGsPrstG3L
80066e1c	72	dmyGsPrstNG3
80066e64	72	dmyGsTMDdivG3NL
80066eac	72	dmyGsTMDdivG3LFG
80066ef4	72	dmyGsTMDdivG3L
80066f3c	72	dmyGsTMDdivNG3
80066f84	72	dmyGsPrstTF3NL
80066fcc	72	dmyGsPrstTF3LFG
80067014	72	dmyGsPrstTF3L
8006705c	72	dmyGsPrstTNF3
800670a4	72	dmyGsTMDdivTF3NL
800670ec	72	dmyGsTMDdivTF3LFG
80067134	72	dmyGsTMDdivTF3L
8006717c	72	dmyGsTMDdivTNF3
800671c4	72	dmyGsPrstTG3NL
8006720c	72	dmyGsPrstTG3LFG
80067254	72	dmyGsPrstTG3L
8006729c	72	dmyGsPrstTNG3
800672e4	72	dmyGsTMDdivTG3NL
8006732c	72	dmyGsTMDdivTG3LFG
80067374	72	dmyGsTMDdivTG3L
800673bc	72	dmyGsTMDdivTNG3
80067404	72	dmyGsPrstF4NL
8006744c	72	dmyGsPrstF4LFG
80067494	72	dmyGsPrstF4L
800674dc	72	dmyGsPrstNF4
80067524	72	dmyGsTMDdivF4NL
8006756c	72	dmyGsTMDdivF4LFG
800675b4	72	dmyGsTMDdivF4L
800675fc	72	dmyGsTMDdivNF4
80067644	72	dmyGsPrstG4NL
8006768c	72	dmyGsPrstG4LFG
800676d4	72	dmyGsPrstG4L
8006771c	72	dmyGsPrstNG4
80067764	72	dmyGsTMDdivG4NL
800677ac	72	dmyGsTMDdivG4LFG
800677f4	72	dmyGsTMDdivG4L
8006783c	72	dmyGsTMDdivNG4
80067884	72	dmyGsPrstTF4NL
800678cc	72	dmyGsPrstTF4LFG
80067914	72	dmyGsPrstTF4L
8006795c	72	dmyGsPrstTNF4
800679a4	72	dmyGsTMDdivTF4NL
800679ec	72	dmyGsTMDdivTF4LFG
80067a34	72	dmyGsTMDdivTF4L
80067a7c	72	dmyGsTMDdivTNF4
80067ac4	72	dmyGsPrstTG4NL
80067b0c	72	dmyGsPrstTG4LFG
80067b54	72	dmyGsPrstTG4L
80067b9c	72	dmyGsPrstTNG4
80067be4	72	dmyGsTMDdivTG4NL
80067c2c	72	dmyGsTMDdivTG4LFG
80067c74	72	dmyGsTMDdivTG4L
80067cbc	72	dmyGsTMDdivTNG4
80067d04	72	dmyGsTMDfastF3NL
80067d4c	72	dmyGsTMDfastF3LFG
80067d94	72	dmyGsTMDfastF3L
80067ddc	72	dmyGsTMDfastNF3
80067e24	72	dmyGsTMDfastG3NL
80067e6c	72	dmyGsTMDfastG3LFG
80067eb4	72	dmyGsTMDfastG3L
80067efc	72	dmyGsTMDfastNG3
80067f44	72	dmyGsTMDfastTF3NL
80067f8c	72	dmyGsTMDfastTF3LFG
80067fd4	72	dmyGsTMDfastTF3L
8006801c	72	dmyGsTMDfastTNF3
80068064	72	dmyGsTMDfastTG3NL
800680ac	72	dmyGsTMDfastTG3LFG
800680f4	72	dmyGsTMDfastTG3L
8006813c	72	dmyGsTMDfastTNG3
80068184	72	dmyGsTMDfastF4NL
800681cc	72	dmyGsTMDfastF4LFG
80068214	72	dmyGsTMDfastF4L
8006825c	72	dmyGsTMDfastNF4
800682a4	72	dmyGsTMDfastG4NL
800682ec	72	dmyGsTMDfastG4LFG
80068334	72	dmyGsTMDfastG4L
8006837c	72	dmyGsTMDfastNG4
800683c4	72	dmyGsTMDfastTF4NL
8006840c	72	dmyGsTMDfastTF4LFG
80068454	72	dmyGsTMDfastTF4L
8006849c	72	dmyGsTMDfastTNF4
800684e4	72	dmyGsTMDfastTG4NL
8006852c	72	dmyGsTMDfastTG4LFG
80068574	72	dmyGsTMDfastTG4L
800685bc	72	dmyGsTMDfastTNG4
80068604	72	dmyGsTMDfastF3GL
8006864c	72	dmyGsTMDfastF3GLFG
80068694	72	dmyGsTMDfastF3GNL
800686dc	72	dmyGsTMDfastG3GL
80068724	72	dmyGsTMDfastG3GLFG
8006876c	72	dmyGsTMDfastG3GNL
800687b4	72	dmyGsPrstF3GL
800687fc	72	dmyGsPrstF3GLFG
80068844	72	dmyGsPrstF3GNL
8006888c	72	dmyGsPrstG3GL
800688d4	72	dmyGsPrstG3GLFG
8006891c	72	dmyGsPrstG3GNL
80068964	204	GsLinkObject4
80068a30	12	OBJT_OBJ_CC
80068a3c	8	OBJT_OBJ_D8
80068a44	12	OBJT_OBJ_E0
80068a50	8	OBJT_OBJ_EC
80068a58	12	OBJT_OBJ_F4
80068a64	8	OBJT_OBJ_100
80068a74	8	OBJT_OBJ_110
80068a7c	8	OBJT_OBJ_118
80068a84	12	OBJT_OBJ_120
80068a90	8	OBJT_OBJ_12C
80068a98	16	OBJT_OBJ_134
80068aa8	64	OBJT_OBJ_144
80068af4	224	GsSortObject4
80068bd4	248	OBJT2_OBJ_E0
80068ccc	116	OBJT2_OBJ_1D8
80068d40	68	OBJT2_OBJ_24C
80068d84	200	OBJT2_OBJ_290
80068e4c	100	OBJT2_OBJ_358
80068eb0	172	OBJT2_OBJ_3BC
80068f5c	68	OBJT2_OBJ_468
80068fa0	172	OBJT2_OBJ_4AC
8006904c	104	OBJT2_OBJ_558
800690b4	44	OBJT2_OBJ_5C0
800690e0	40	OBJT2_OBJ_5EC
80069108	4	OBJT2_OBJ_614
8006910c	40	OBJT2_OBJ_618
80069134	44	OBJT2_OBJ_640
80069160	48	OBJT2_OBJ_66C
80069190	80	OBJT2_OBJ_69C
800691e0	84	OBJT2_OBJ_6EC
80069234	80	OBJT2_OBJ_740
80069284	44	OBJT2_OBJ_790
800692b0	40	OBJT2_OBJ_7BC
800692d8	84	OBJT2_OBJ_7E4
8006932c	4	OBJT2_OBJ_838
80069330	12	OBJT2_OBJ_83C
8006933c	16	OBJT2_OBJ_848
8006934c	56	OBJT2_OBJ_858
80069384	1132	GsA4divTNG4
800697f0	1228	FUN_800697f0
80069cbc	304	FUN_80069cbc
80069dec	444	FUN_80069dec
80069fa8	232	FUN_80069fa8
8006a094	1032	GsA4divTNF4
8006a49c	1120	FUN_8006a49c
8006a8fc	280	FUN_8006a8fc
8006aa14	444	FUN_8006aa14
8006abd0	148	FUN_8006abd0
8006ac64	1024	GsA4divNG4
8006b064	1120	FUN_8006b064
8006b4c4	248	FUN_8006b4c4
8006b5bc	444	FUN_8006b5bc
8006b778	180	FUN_8006b778
8006b834	920	GsA4divNF4
8006bbcc	1008	FUN_8006bbcc
8006bfbc	224	FUN_8006bfbc
8006c09c	444	FUN_8006c09c
8006c258	100	FUN_8006c258
8006c2c4	908	GsA4divTNG3
8006c650	992	FUN_8006c650
8006ca30	304	FUN_8006ca30
8006cb60	332	FUN_8006cb60
8006ccac	232	FUN_8006ccac
8006cd94	824	GsA4divNG3
8006d0cc	908	FUN_8006d0cc
8006d458	244	FUN_8006d458
8006d54c	332	FUN_8006d54c
8006d698	180	FUN_8006d698
8006d754	844	GsA4divTNF3
8006daa0	904	FUN_8006daa0
8006de28	280	FUN_8006de28
8006df40	332	FUN_8006df40
8006e08c	148	FUN_8006e08c
8006e124	748	GsA4divNF3
8006e410	828	FUN_8006e410
8006e74c	224	FUN_8006e74c
8006e82c	332	FUN_8006e82c
8006e978	100	FUN_8006e978
8006e9e4	136	SsEnd
8006ea6c	36	SSEND_OBJ_88
8006ea94	16	EnterCriticalSection
8006eaa4	16	ExitCriticalSection
8006eab4	56	SsInit
8006eaf4	232	_SsInit
8006ebe4	32	FUN_8006ebe4
8006ec04	192	SsSetSerialAttr
8006ecc4	80	SsSetMVol
8006ed14	192	SSSTART_OBJ_0
8006edd4	176	SSSTART_OBJ_C0
8006ee84	152	SSSTART_OBJ_170
8006ef1c	8	SSSTART_OBJ_208
8006ef24	8	SSSTART_OBJ_210
8006ef2c	24	SSSTART_OBJ_218
8006ef44	32	SsStart
8006ef64	32	SsStart2
8006ef84	76	SSSTART_OBJ_270
8006efd0	56	SSSTART_OBJ_2BC
8006f008	16	SSSTART_OBJ_2F4
8006f024	116	SetRCnt
8006f098	32	COUNTER_OBJ_74
8006f0b8	8	COUNTER_OBJ_94
8006f0c0	48	GetRCnt
8006f0f0	8	COUNTER_OBJ_CC
8006f0f8	48	StartRCnt
8006f128	52	StopRCnt
8006f15c	44	ResetRCnt
8006f188	8	COUNTER_OBJ_164
8006f194	624	SsSeqCalledTbyT
8006f404	440	_SsSndCrescendo
8006f5bc	80	CRES_OBJ_1B8
8006f614	152	_SsSndPause
8006f6b4	44	_SsSndPlay
8006f6e4	220	_SsSeqPlay
8006f7c0	4	MIDIREAD_OBJ_DC
8006f7c4	28	MIDIREAD_OBJ_E0
8006f7e0	264	_SsSeqGetEof
8006f8e8	8	MIDIREAD_OBJ_204
8006f9b8	84	MIDIREAD_OBJ_2D4
8006fa0c	24	MIDIREAD_OBJ_328
8006fa24	696	_SsGetSeqData
8006fcdc	16	MIDIREAD_OBJ_5F8
8006fd38	28	MIDIREAD_OBJ_654
8006fd8c	20	MIDIREAD_OBJ_6A8
8006fda0	12	MIDIREAD_OBJ_6BC
8006fdac	36	MIDIREAD_OBJ_6C8
8006fdd4	164	_SsReadDeltaValue
8006fe84	252	_SsSndNextSep
8006ff84	96	_SsSndReplay
8006ffe4	384	_SsSndStop
80070164	40	SsSeqStop
8007018c	44	SsSepStop
800701c4	260	SsSetSerialVol
800702d4	76	SsSetTickMode
80070320	56	SSTICK_OBJ_4C
80070358	36	SSTICK_OBJ_84
8007037c	32	SSTICK_OBJ_A8
8007039c	16	SSTICK_OBJ_C8
800703ac	16	SSTICK_OBJ_D8
800703bc	24	SSTICK_OBJ_E8
800703d4	36	SSTICK_OBJ_100
800703f8	12	SSTICK_OBJ_124
8007040c	16	SSTICK_OBJ_138
80070424	292	_SsSndTempo
80070548	12	TEMPO_OBJ_124
80070554	212	TEMPO_OBJ_130
80070628	24	TEMPO_OBJ_204
80070644	320	SsUtAllKeyOff
80070784	100	SsUtAutoPan
800707f4	840	SsUtKeyOnV
80070b3c	116	FUN_80070b3c
80070bb4	464	FUN_80070bb4
80070d84	620	SeAutoPan
80070ff0	856	FUN_80070ff0
80071354	12	FUN_80071354
80071364	1156	_SsVmFlush
800717f4	836	_SsVmInit
80071b44	52	note2pitch
80071b78	104	note2pitch2
80071be0	288	SsPitchFromNote
80071d04	1408	vmNoiseOn
80072284	204	_SsVmKeyOffNow
80072354	1232	_SsVmKeyOnNow
80072824	1412	_SsVmSetSeqVol
80072da8	100	_SsVmGetSeqVol
80072e0c	72	_SsVmGetSeqLVol
80072e54	72	_SsVmGetSeqRVol
80072e9c	184	_SsVmSeqKeyOff
80072f54	184	_SsVmVSetUp
8007300c	8	VM_VSU_OBJ_B8
80073014	16	SsSetMono
80073024	12	SsSetStereo
80073034	128	SsVabClose
800730b4	52	SsVabOpenHead
800730e8	104	VS_VH2_OBJ_34
80073154	52	SsVabOpenHeadSticky
80073188	52	SsVabFakeHead
800731bc	8	FUN_800731bc
800731c4	984	_SsVabOpenHeadWithMode
800735a4	164	SsVabTransBody
80073648	28	VS_VTB_OBJ_A4
80073664	40	SsVabTransCompleted
80073694	32	FUN_80073694
800736b4	232	_SpuInit
8007379c	112	SpuStart
80073814	12	OpenEvent
80073824	12	EnableEvent
80073834	212	_spu_init
80073908	428	SPU_OBJ_D4
80073ab4	272	SPU_OBJ_280
80073bc4	148	SPU_OBJ_390
80073c58	28	SPU_OBJ_424
80073c74	172	_spu_FiDMA
80073d20	16	SPU_OBJ_4EC
80073d30	168	_spu_Fr_
80073dd8	488	_spu_t
80073fc0	136	SPU_OBJ_78C
80074048	16	SPU_OBJ_814
80074058	112	_spu_Fw
800740c8	20	SPU_OBJ_894
800740dc	100	_spu_Fr
80074140	60	_spu_FsetRXX
8007417c	8	SPU_OBJ_948
80074184	156	_spu_FsetRXXa
80074220	8	SPU_OBJ_9EC
80074228	52	_spu_FgetRXXa
8007425c	8	SPU_OBJ_A28
80074264	76	_spu_FsetPCR
800742b0	12	SPU_OBJ_A7C
800742bc	40	SPU_OBJ_A88
800742e4	40	SPU_OBJ_AB0
8007430c	64	_spu_Fw1ts
8007434c	28	SPU_OBJ_B18
80074374	36	FUN_80074374
800743a4	116	SpuQuit
80074424	12	CloseEvent
80074434	12	DisableEvent
80074444	76	SpuInitMalloc
80074490	8	S_M_INIT_OBJ_4C
800744a4	84	SpuMalloc
800744f8	216	S_M_M_OBJ_54
800745d0	380	S_M_M_OBJ_12C
8007474c	28	S_M_M_OBJ_2A8
80074774	84	_spu_gcSPU
800747c8	112	S_M_INT_OBJ_54
80074838	428	S_M_INT_OBJ_C4
800749e4	144	S_M_INT_OBJ_270
80074a74	100	SpuFree
80074ad8	24	S_M_F_OBJ_64
80074af4	36	FUN_80074af4
80074b24	304	_SpuSetAnyVoice
80074c54	16	S_SAV_OBJ_130
80074d24	20	S_SAV_OBJ_200
80074dc8	8	S_SAV_OBJ_2A4
80074dd0	8	S_SAV_OBJ_2AC
80074dd8	8	S_SAV_OBJ_2B4
80074de4	72	SpuSetNoiseClock
80074e34	36	FUN_80074e34
80074e64	156	SpuClearReverbWorkArea
80074f00	212	S_CRWA_OBJ_9C
80074fd4	36	S_CRWA_OBJ_170
80075004	12	WaitEvent
80075014	44	_SpuIsInAllocateArea
80075040	76	S_M_UTIL_OBJ_2C
8007508c	8	S_M_UTIL_OBJ_78
80075094	56	_SpuIsInAllocateArea_
800750cc	76	S_M_UTIL_OBJ_B8
80075118	8	S_M_UTIL_OBJ_104
80075124	428	SpuSetKey
800752d0	8	S_SK_OBJ_1AC
800752d8	8	S_SK_OBJ_1B4
800752e4	92	SpuRead
80075344	76	SpuSetTransferStartAddr
80075390	16	S_STSA_OBJ_4C
800753a4	28	SpuSetTransferMode
800753c0	20	S_STM_OBJ_1C
800753d4	136	SpuIsTransferCompleted
8007545c	8	S_ITC_OBJ_88
80075464	20	S_ITC_OBJ_90
80075484	12	TestEvent
80075494	40	FUN_80075494
800754bc	24	FUN_800754bc
800754d4	88	SpuSetCommonAttr
8007552c	8	S_SCA_OBJ_58
80075534	8	S_SCA_OBJ_60
8007553c	8	S_SCA_OBJ_68
80075544	8	S_SCA_OBJ_70
8007554c	8	S_SCA_OBJ_78
80075554	8	S_SCA_OBJ_80
8007555c	8	S_SCA_OBJ_88
80075564	8	S_SCA_OBJ_90
8007556c	128	S_SCA_OBJ_98
800755ec	8	S_SCA_OBJ_118
800755f4	8	S_SCA_OBJ_120
800755fc	8	S_SCA_OBJ_128
80075604	8	S_SCA_OBJ_130
8007560c	8	S_SCA_OBJ_138
80075614	8	S_SCA_OBJ_140
8007561c	8	S_SCA_OBJ_148
80075624	8	S_SCA_OBJ_150
8007562c	284	S_SCA_OBJ_158
80075748	84	S_SCA_OBJ_274
8007579c	84	S_SCA_OBJ_2C8
800757f0	84	S_SCA_OBJ_31C
80075844	12	S_SCA_OBJ_370
80075854	316	SpuSetVoiceAttr
80075990	8	S_SVA_OBJ_13C
80075998	8	S_SVA_OBJ_144
800759a0	8	S_SVA_OBJ_14C
800759a8	8	S_SVA_OBJ_154
800759b0	8	S_SVA_OBJ_15C
800759b8	8	S_SVA_OBJ_164
800759c0	4	S_SVA_OBJ_16C
800759c4	48	S_SVA_OBJ_170
800759f4	124	S_SVA_OBJ_1A0
80075a70	8	S_SVA_OBJ_21C
80075a78	8	S_SVA_OBJ_224
80075a80	8	S_SVA_OBJ_22C
80075a88	8	S_SVA_OBJ_234
80075a90	8	S_SVA_OBJ_23C
80075a98	8	S_SVA_OBJ_244
80075aa0	4	S_SVA_OBJ_24C
80075aa4	48	S_SVA_OBJ_250
80075ad4	512	S_SVA_OBJ_280
80075cd4	320	S_SVA_OBJ_480
80075e14	56	S_SVA_OBJ_5C0
80075e54	200	_spu_note2pitch
80075f1c	8	S_N2P_OBJ_C8
80075f24	136	_spu_pitch2note
80075fac	104	S_N2P_OBJ_158
80076014	64	S_N2P_OBJ_1C0
80076054	28	SpuGetVoiceEnvelope
80076074	20	abs
800760a4	52	toupper
800760d8	52	tolower
80076114	8	memcmp
80076164	52	memcpy
800761a4	40	memset
800761cc	8	MEMSET_OBJ_28
800761d4	48	rand
80076204	12	srand
80076214	140	strcat
800762a0	24	STRCAT_OBJ_8C
800762c4	92	strcmp
80076320	8	STRCMP_OBJ_5C
80076334	68	strcpy
80076384	52	strlen
800763c4	120	strncmp
8007643c	8	STRNCMP_OBJ_78
80076444	64	strncpy
80076484	20	STRNCPY_OBJ_40
800764ac	8	STRNCPY_OBJ_68
800764b4	60	printf
800764f4	80	prnt
80076544	44	PRNT_OBJ_50
80076570	48	PRNT_OBJ_7C
800765a0	16	PRNT_OBJ_AC
800765b0	8	PRNT_OBJ_BC
800765b8	28	PRNT_OBJ_C4
800765d4	8	PRNT_OBJ_E0
800765dc	8	PRNT_OBJ_E8
800765e4	120	PRNT_OBJ_F0
8007665c	16	PRNT_OBJ_168
8007666c	8	PRNT_OBJ_178
80076674	92	PRNT_OBJ_180
800766d0	8	PRNT_OBJ_1DC
800766d8	8	PRNT_OBJ_1E4
800766e0	8	PRNT_OBJ_1EC
800766e8	28	PRNT_OBJ_1F4
80076704	4	PRNT_OBJ_210
80076708	48	PRNT_OBJ_214
80076738	20	PRNT_OBJ_244
8007674c	60	PRNT_OBJ_258
80076788	4	PRNT_OBJ_294
8007678c	52	PRNT_OBJ_298
800767c0	16	PRNT_OBJ_2CC
800767d0	88	PRNT_OBJ_2DC
80076828	8	PRNT_OBJ_334
80076830	4	PRNT_OBJ_33C
80076834	52	PRNT_OBJ_340
80076868	12	PRNT_OBJ_374
80076874	52	PRNT_OBJ_380
800768a8	20	PRNT_OBJ_3B4
800768bc	4	PRNT_OBJ_3C8
800768c0	160	PRNT_OBJ_3CC
80076960	288	PRNT_OBJ_46C
80076a80	164	PRNT_OBJ_58C
80076b24	20	PRNT_OBJ_630
80076b38	24	PRNT_OBJ_644
80076b50	8	PRNT_OBJ_65C
80076b58	48	PRNT_OBJ_664
80076b94	32	memchr
80076bb4	40	MEMCHR_OBJ_20
80076bdc	8	MEMCHR_OBJ_48
80076be4	64	_putchar
80076c24	40	PUTCHAR_OBJ_40
80076c80	96	PUTCHAR_OBJ_9C
80076ce0	60	_putchar_flash
80076d1c	64	putchar
80076d5c	40	PUTCHAR_OBJ_178
80076db8	140	PUTCHAR_OBJ_1D4
80076e44	12	write
80076e54	144	sprintf
80076ee4	300	SPRINTF_OBJ_90
80077010	156	SPRINTF_OBJ_1BC
800770ac	68	SPRINTF_OBJ_258
800770f0	36	SPRINTF_OBJ_29C
80077114	12	SPRINTF_OBJ_2C0
80077120	12	SPRINTF_OBJ_2CC
8007712c	12	SPRINTF_OBJ_2D8
80077138	32	SPRINTF_OBJ_2E4
80077158	88	SPRINTF_OBJ_304
800771b0	52	SPRINTF_OBJ_35C
800771e4	236	SPRINTF_OBJ_390
800772d0	256	SPRINTF_OBJ_47C
800773d0	20	SPRINTF_OBJ_57C
800773e4	12	SPRINTF_OBJ_590
800773f0	8	SPRINTF_OBJ_59C
800773f8	260	SPRINTF_OBJ_5A4
800774fc	32	SPRINTF_OBJ_6A8
8007751c	140	SPRINTF_OBJ_6C8
800775a8	52	SPRINTF_OBJ_754
800775dc	24	SPRINTF_OBJ_788
800775f4	140	SPRINTF_OBJ_7A0
80077680	84	SPRINTF_OBJ_82C
800776d4	100	memmove
80077738	8	MEMMOVE_OBJ_64
80077744	40	puts
8007776c	44	PUTS_OBJ_28
800777a4	44	rsin
800777d0	16	GEO_00_OBJ_2C
800777e0	136	sin_1
80077868	8	GEO_00_OBJ_C4
80077874	152	rcos
8007790c	8	GEO_01_OBJ_98
8007791c	128	InitGeom
800779a4	132	SquareRoot0
80077a34	140	InvSquareRoot
80077ac0	20	VectorNormalS
80077ad4	48	VectorNormal
80077b04	48	VectorNormalSS
80077b34	192	MSC02_OBJ_100
80077bf4	232	MatrixNormal
80077ce4	268	MulMatrix0
80077df4	352	ApplyMatrixLV
80077f54	48	ApplyRotMatrix
80077f84	164	PushMatrix
80078028	164	PopMatrix
800780d4	268	MulMatrix
800781e4	268	MulMatrix2
800782f4	92	ApplyMatrixSV
80078354	36	TransMatrix
80078384	312	ScaleMatrix
800784c4	48	SetRotMatrix
800784f4	48	SetLightMatrix
80078524	48	SetColorMatrix
80078554	32	SetTransMatrix
80078574	16	SetVertex0
80078584	16	SetVertex1
80078594	16	SetVertex2
800785a4	32	SetVertexTri
800785c4	20	SetRGBfifo
800785d8	20	SetIR123
800785ec	12	SetIR0
800785f8	20	SetSZfifo3
8007860c	24	SetSZfifo4
80078624	20	SetSXSYfifo
80078638	20	SetRii
8007864c	20	SetMAC123
80078660	12	SetData32
8007866c	12	SetDQA
80078678	12	SetDQB
80078684	12	ReadGeomScreen
80078694	32	SetBackColor
800786b4	32	SetFarColor
800786d4	24	SetGeomOffset
800786f4	12	SetGeomScreen
80078704	44	RotTransPers
80078734	40	RotTrans
80078764	120	RotTransPers4
800787e4	64	TransposeMatrix
80078824	100	RotMatrix
80078888	104	FGO_01_OBJ_64
800788f0	148	FGO_01_OBJ_CC
80078984	300	FGO_01_OBJ_160
80078ab4	104	RotMatrixYXZ
80078b1c	100	FGO_02_OBJ_68
80078b80	148	FGO_02_OBJ_CC
80078c14	300	FGO_02_OBJ_160
80078d44	316	GsTMDfastNF3
80078e80	320	GsTMDfastF3NL
80078fc0	328	GsTMDfastF3L
80079108	328	GsTMDfastF3LFG
80079254	360	GsTMDfastNF4
800793bc	364	GsTMDfastF4NL
80079528	376	GsTMDfastF4L
800796a0	376	GsTMDfastF4LFG
80079824	328	GsTMDfastNG3
8007996c	320	GsTMDfastG3NL
80079aac	400	GsTMDfastG3L
80079c3c	400	GsTMDfastG3LFG
80079dd4	384	GsTMDfastNG4
80079f54	372	GsTMDfastG4NL
8007a0c8	480	GsTMDfastG4L
8007a2a8	480	GsTMDfastG4LFG
8007a494	364	GsTMDfastTNF3
8007a600	356	GsTMDfastTF3NL
8007a764	368	GsTMDfastTF3L
8007a8d4	368	GsTMDfastTF3LFG
8007aa44	416	GsTMDfastTNF4
8007abe4	412	GsTMDfastTF4NL
8007ad80	428	GsTMDfastTF4L
8007af2c	428	GsTMDfastTF4LFG
8007b0e4	376	GsTMDfastTNG3
8007b25c	348	GsTMDfastTG3NL
8007b3b8	436	GsTMDfastTG3L
8007b56c	436	GsTMDfastTG3LFG
8007b724	444	GsTMDfastTNG4
8007b8e0	408	GsTMDfastTG4NL
8007ba78	524	GsTMDfastTG4L
8007bc84	524	GsTMDfastTG4LFG
8007be94	180	ratan2
8007bf48	20	RATAN_OBJ_B4
8007bfd0	20	RATAN_OBJ_13C
8007bfe4	36	RATAN_OBJ_150
8007c014	172	_patch_gte
8007c0f0	4	PATCHGTE_OBJ_DC
8007c0f4	12	FlushCache
8007c104	164	VSync
8007c1a8	192	VSYNC_OBJ_A4
8007c268	20	VSYNC_OBJ_164
8007c27c	136	VSYNC_OBJ_178
8007c304	16	VSYNC_OBJ_200
8007c314	12	ChangeClearPAD
8007c324	12	ChangeClearRCnt
8007c334	48	ResetCallback
8007c364	48	InterruptCallback
8007c394	48	DMACallback
8007c3c4	52	VSyncCallback
8007c3f8	48	VSyncCallbacks
8007c428	48	StopCallback
8007c458	48	RestartCallback
8007c488	16	CheckCallback
8007c498	24	GetIntrMask
8007c4b0	24	SetIntrMask
8007c4c8	216	INTR_OBJ_194
8007c5a0	420	INTR_OBJ_26C
8007c744	44	INTR_OBJ_410
8007c770	176	INTR_OBJ_43C
8007c820	152	INTR_OBJ_4EC
8007c8b8	160	INTR_OBJ_584
8007c958	104	INTR_OBJ_624
8007c9c0	16	INTR_OBJ_68C
8007c9d0	36	INTR_OBJ_69C
8007c9fc	12	_96_remove
8007ca14	12	ReturnFromException
8007ca24	12	ResetEntryInt
8007ca34	12	HookEntryInt
8007ca44	60	setjmp
8007ca80	60	longjmp
8007cac4	88	startIntrVSync
8007cb1c	108	INTR_VB_OBJ_58
8007cb88	44	INTR_VB_OBJ_C4
8007cbb4	36	INTR_VB_OBJ_F0
8007cbe4	76	startIntrDMA
8007cc30	384	INTR_DMA_OBJ_4C
8007cdb0	164	INTR_DMA_OBJ_1CC
8007ce54	8	INTR_DMA_OBJ_270
8007ce5c	36	INTR_DMA_OBJ_278
8007ce84	20	FUN_8007ce84
8007ce98	16	FUN_8007ce98
8007ceb4	232	LoadTPage
8007cf9c	100	LoadClut
8007d000	100	LoadClut2
8007d064	180	SetDefDrawEnv
8007d118	60	SetDefDispEnv
8007d154	64	SetDumpFnt
8007d194	160	FntLoad
8007d234	696	FntOpen
8007d4ec	796	FntFlush
8007d808	960	FntPrint
8007dbd4	372	ResetGraph
8007dd48	92	SetGraphDebug
8007dda4	164	SetGraphQueue
8007de48	16	GetGraphDebug
8007de58	96	DrawSyncCallback
8007deb8	152	SetDispMask
8007df50	104	DrawSync
8007dfb8	284	FUN_8007dfb8
8007e0d4	144	ClearImage
8007e164	152	ClearImage2
8007e1fc	96	LoadImage
8007e25c	96	StoreImage
8007e2bc	184	MoveImage
8007e374	200	ClearOTag
8007e43c	172	ClearOTagR
8007e4e8	92	DrawPrim
8007e544	112	DrawOTag
8007e5b4	192	PutDrawEnv
8007e674	216	DrawOTagEnv
8007e74c	52	GetDrawEnv
8007e780	1272	PutDispEnv
8007ec78	52	GetDispEnv
8007ecac	48	GetODE
8007ecdc	56	SetTexWindow
8007ed14	128	SetDrawArea
8007ed94	64	SetDrawOffset
8007edd4	40	SetPriority
8007edfc	40	SetDrawStp
8007ee24	84	SetDrawMode
8007ee78	504	SetDrawEnv
8007f070	624	FUN_8007f070
8007f2e0	32	FUN_8007f2e0
8007f300	152	FUN_8007f300
8007f398	152	FUN_8007f398
8007f430	28	FUN_8007f430
8007f44c	128	FUN_8007f44c
8007f4cc	24	FUN_8007f4cc
8007f4e4	224	FUN_8007f4e4
8007f5c4	560	FUN_8007f5c4
8007f7f4	572	FUN_8007f7f4
8007fa30	640	FUN_8007fa30
8007fcb0	36	FUN_8007fcb0
8007fcd4	20	FUN_8007fcd4
8007fce8	64	FUN_8007fce8
8007fd28	72	FUN_8007fd28
8007fd70	48	FUN_8007fd70
8007fda0	36	FUN_8007fda0
8007fdc4	688	FUN_8007fdc4
80080074	608	FUN_80080074
800802d4	336	FUN_800802d4
80080424	316	FUN_80080424
80080560	52	FUN_80080560
80080594	324	FUN_80080594
800806d8	160	FUN_800806d8
80080778	236	LoadImage2
80080864	236	StoreImage2
80080950	324	MoveImage2
80080a94	252	DrawOTag2
80080b90	40	FUN_80080b90
80080bb8	36	FUN_80080bb8
80080be4	12	GPU_cw
80080bf4	60	GetTPage
80080c34	24	GetClut
80080c54	60	AddPrim
80080c94	24	TermPrim
80080cb4	40	SetSemiTrans
80080ce4	20	SetPolyF4
80080d04	20	SetPolyFT4
80080d24	20	SetPolyGT4
80080d44	20	SetSprt8
80080d64	20	SetTile
80080d84	96	SetDrawMove
80080de4	44	MemCardInit
80080e10	32	MemCardEnd
80080e30	80	MemCardStart
80080e80	64	MemCardStop
80080ec0	104	MemCardExist
80080f28	468	FUN_80080f28
800810fc	104	MemCardAccept
80081164	564	FUN_80081164
80081398	392	MemCardOpen
80081520	68	MemCardClose
80081564	184	MemCardReadData
8008161c	316	FUN_8008161c
80081758	184	MemCardWriteData
80081810	316	FUN_80081810
8008194c	280	MemCardReadFile
80081a64	264	FUN_80081a64
80081b6c	280	MemCardWriteFile
80081c84	264	FUN_80081c84
80081d8c	608	MemCardGetDirentry
80081fec	20	MemCardCallback
80082000	284	MemCardSync
8008211c	520	MemCardCreateFile
80082324	444	MemCardDeleteFile
800824e0	140	MemCardFormat
8008256c	180	MemCardUnformat
80082620	84	FUN_80082620
80082674	132	FUN_80082674
800826f8	92	FUN_800826f8
80082754	12	open
80082764	12	lseek
80082774	12	read
80082784	12	close
80082794	12	format
800827a4	12	nextfile
800827b4	12	erase
800827c4	208	firstfile
80082894	144	FIRST_OBJ_D0
80082938	12	FIRST_OBJ_174
80082944	28	FIRST_OBJ_180
80082960	192	FIRST_OBJ_19C
80082a20	64	FIRST_OBJ_25C
80082a64	12	firstfile2
80082a74	12	_card_info
80082a84	12	_card_load
80082a94	12	_card_write
80082aa4	12	_new_card
80082ab4	52	_card_clear
80082af4	16	UserFuncInit
80082b04	108	UserFuncOpen
80082b70	16	USERFUNC_OBJ_7C
80082b80	108	UserFuncExecute
80082bec	16	UserFuncComplete
80082c04	20	funcEvSpIOE
80082c18	20	funcEvSpError
80082c2c	20	funcEvSpTimeout
80082c40	20	funcEvSpNewcard
80082c54	20	funcEvSpIOEx
80082c68	20	funcEvSpErrorx
80082c7c	20	funcEvSpTimeoutx
80082c90	20	funcEvSpNewcardx
80082ca4	48	_card_open
80082cd4	476	_card_start
80082eb0	32	_card_close
80082ed0	180	_card_stop
80082f84	264	_clr_card_event
8008308c	216	_get_card_event
80083164	216	_get_card_event_x
8008323c	60	_chk_card_event
80083278	60	_chk_card_event_x
800832b4	12	_bu_init
800832c4	108	FUN_800832c4
80083330	56	StartCARD
80083368	40	StopCARD
80083394	12	SetInitPadFlag
800833a0	16	ReadInitPadFlag
800833b0	144	PAD_init
80083440	144	InitPAD
800834d0	48	StartPAD
80083500	56	StopPAD
80083538	120	FUN_80083538
800835b0	56	FUN_800835b0
800835e8	104	FUN_800835e8
80083650	64	FUN_80083650
80083694	12	InitPAD2
800836a4	12	StartPAD2
800836b4	12	StopPAD2
800836c4	12	PAD_init2
800836d4	12	SysEnqIntRP
800836e4	12	SysDeqIntRP
800836f4	20	EnablePAD
80083708	20	DisablePAD
8008371c	112	_patch_pad
80083794	104	_remove_ChgclrPAD
80083804	12	InitCARD2
80083814	12	StartCARD2
80083824	12	StopCARD2
80083860	68	FUN_80083860
800838cc	148	_patch_card
80083960	112	_patch_card2
800839d0	52	_copy_memcard_patch
80083a04	112	FUN_80083a04
80083a84	32	PadChkVsync
80083aa4	32	PadStartCom
80083ac4	32	PadStopCom
80083ae4	76	PadChkMtap
80083b30	192	PadGetState
80083bf0	248	PadInfoMode
80083ce8	212	PadInfoAct
80083dbc	168	PadInfoComb
80083e64	56	PadSetActAlign
80083e9c	72	PadSetMainMode
80083ee4	72	PadSetAct
80083f34	280	PadEnableCom
8008404c	44	_padSetVsyncParam
80084078	104	FUN_80084078
800840e0	364	FUN_800840e0
8008424c	20	_padChkVsync
80084260	204	_padStartCom
8008432c	68	_padStopCom
80084370	820	_padInitSioMode
800846a4	200	FUN_800846a4
8008476c	472	_padSioRW
80084944	568	_padSioRW2
80084b7c	144	_padClrIntSio0
80084c0c	40	_padWaitRXready
80084c34	12	_padSetAct
80084c40	16	_padSetCmd
80084c50	132	_padSendAtLoadInfo
80084cd4	332	_padRecvAtLoadInfo
80084e20	56	_padGetActSize
80084e58	212	_padLoadActInfo
80084f2c	168	FUN_80084f2c
80084fd4	628	FUN_80084fd4
80085248	104	_padSetActAlign
800852b0	28	FUN_800852b0
800852cc	200	FUN_800852cc
80085394	152	_padSetMainMode
8008542c	84	FUN_8008542c
80085480	96	FUN_80085480
800854e0	32	_padCmdParaMode
80085500	20	FUN_80085500
80085514	32	FUN_80085514
80085534	32	FUN_80085534
80085554	32	FUN_80085554
80085574	20	FUN_80085574
80085594	72	FUN_80085594
800855dc	216	FUN_800855dc
800856b4	192	FUN_800856b4
80085774	140	FUN_80085774
80085800	892	FUN_80085800
80085b84	352	PadInitDirect
80085ce4	104	FUN_80085ce4
80085d4c	244	FUN_80085d4c
80085e40	16	FUN_80085e40
80085e50	188	FUN_80085e50
80085f0c	636	FUN_80085f0c
80086188	56	FUN_80086188
800861c0	32	FUN_800861c0
800861e4	40	bzero
8008620c	8	BZERO_OBJ_28
80086214	52	_padInitDirSeq
80086248	256	FUN_80086248
80086348	592	FUN_80086348
80086598	220	_dirFailAuto
80086674	44	FUN_80086674
800866a4	32	setRC2wait
800866c4	160	chkRC2wait
